id;proper;con;mag;dist;spect;ci;lum;x;y;z
97627;Libertas;Aql;4.71;56.2746;K0III;1.023;36.04126286491436;26.612383;-48.887669;8.280414
88610;Ramus;Her;4.37;280.8989;B2IV;-0.164;1228.004617988788;10.031459;-262.374329;99.815819
22438;Mouhoun;Eri;7.91;118.0638;K0III;0.961;8.325302067492423;32.206232;102.609681;-48.714197
40054;Tegmine;Cnc;4.67;25.0815;G0V;0.531;7.426770437146974;-13.035978;20.033032;7.603791
112776;Skat;Aqr;3.27;49.2368;A3V;0.066;103.8484455008274;45.459019;-13.325406;-13.423467
13813;Acamar;Eri;2.88;49.4315;A4III+...;0.128;149.96848355023724;26.85749;26.453029;-31.974932
20405;Secunda Hyadum;Tau;3.77;47.7099;G8III;0.983;61.54602373713163;18.695965;41.472036;14.380508
85665;Shaula;Sco;1.62;175.1313;B1.5IV+...;-0.231;6008.9695048348585;-16.048583;-138.749793;-105.649898
21541;Sceptrum;Eri;3.86;33.6814;K1III;1.082;28.235793691102995;11.405856;30.579706;-8.321655
9861;Hamal;Ari;2.01;20.1776;K2III;1.151;55.6672798150948;15.731986;9.751722;8.03361
89064;Polis;Sgr;3.84;100000.0;B2III:;0.195;253512863.0497907;5600.996443;-93152.961403;-35932.639895
24378;Rigel;Ori;0.18;264.5503;B8Ia;-0.03;51665.42425669497;51.601106;256.709905;-37.740051
60986;Funi;Dra;8.75;66.0502;G0;0.645;1.2011576179375785;-17.489575;-2.467324;63.644764
80443;Timir;Oph;6.89;59.0319;K0III/IV;0.95;5.321082592667941;-22.329431;-52.905718;-13.680158
12673;Kaffaljidhma;Cet;3.47;24.4081;A3V;0.093;21.242224773886967;18.440324;15.931398;1.377729
68483;Hadar;Cen;0.61;120.1923;B1III;-0.231;7171.33482657721;-50.954051;-30.56287;-104.478695
23949;Mago;Cam;6.43;120.6273;K1III;1.101;33.946890538007864;9.153224;40.959237;113.090617
744;Caph;Cas;2.28;16.7842;F2III-IV;0.38;30.06076302628229;8.600014;0.344589;14.409503
30847;Ross 614;Mon;11.12;4.1268;M4.5Ve;1.69;0.0005286886658509;-0.527146;4.088126;-0.202607
15471;82 G. Eri;Eri;4.26;6.0434;G8V;0.711;0.6286370884130494;2.839238;3.381499;-4.127499
108922;Alnair;Gru;1.73;30.9693;B7IV;-0.07;169.82436524617444;18.672505;-9.904001;-22.635193
21849;;Per;8.02;100000.0;A0;0.386;5395106.225151268;25966.541314;73954.405806;62100.600593
94999;Arkab Posterior;Sgr;4.27;41.1353;F2III;0.35;28.866890179482727;10.367344;-27.285432;-28.985346
119585;Ross 248;And;12.29;3.1686;dM6  e;1.9;0.0001060718149635;2.262649;-0.179022;2.205274
79134;Jabbah;Sco;4.0;145.3488;B2IV;0.076;462.1681360922447;-62.219516;-122.106847;-48.424462
62876;Taiyi;Dra;5.23;29.2912;A5n;0.303;6.047835918818004;-11.820552;-2.918495;26.640872
25920;Arneb;Lep;2.58;680.2721;F0Ib;0.211;37428.29122408052;76.877195;643.047236;-208.208
6228;;Cas;4.95;100000.0;F0Ia;0.683;91201083.93559095;49467.137003;18024.596194;85018.328882
61202;Phyllon Kissinou;Com;4.8;95.057;A0IV;0.012;94.6237161365793;-86.726287;-13.290876;36.574715
56403;Sagarmatha;Leo;8.42;49.6032;K0;0.76;0.918755601666062;-49.158438;5.1974;-4.112467
32829;Nervia;Aur;8.1;44.2282;G0;0.729;0.979941161095594;-7.453896;32.605159;28.93919
86475;Cebalrai;Oph;2.76;25.0941;K2III;1.168;43.17178444709226;-1.802333;-24.949291;1.998237
46259;Alphard;Hya;1.99;55.2792;K3III;1.44;425.7944535825967;-43.003468;33.722848;-8.322089
97987;Cygnus X-1;Cyg;8.84;595.2381;B0Ib;0.73;89.78421709097269;240.17499;-422.950898;343.12808
16496;Ran;Eri;3.72;3.2161;K2V;0.881;0.2929543829769431;1.89897;2.541426;-0.528523
97338;Altair;Aql;0.76;5.1295;A7IV-V;0.221;11.376272858234303;2.355468;-4.4873;0.790749
114208;Honores;And;4.53;24.5881;F0V;0.302;8.120822162499833;15.657659;-3.288881;18.670848
57647;Aniara;UMa;7.86;126.2626;K0III;0.971;9.963226419544174;-67.531225;2.542591;106.655113
110822;Stellio;Lac;3.76;31.4564;A1V;0.031;27.014690729572468;18.613691;-7.587422;24.196371
43551;Stribor;Lyn;8.03;75.7576;G0;0.626;3.067608976917936;-43.676078;46.086662;41.323525
26386;Tianguan;Tau;2.97;136.4256;B4IIIp;-0.148;1050.9934271862176;12.391949;126.637551;49.207351
80089;Athebyne;Dra;2.73;28.2326;G8III;0.91;56.18236281342279;-5.477258;-12.300885;24.814526
1472;Groombridge 34;And;8.09;3.5873;M1V;1.56;0.0065102849843486;2.571275;0.20667;2.493057
103195;Musica;Del;5.51;75.3012;G6III:;0.934;30.87450475587447;51.937043;-52.652515;14.160751
17336;Rana;Eri;3.52;9.0408;K0IV;0.915;2.782274657675122;5.006502;7.370189;-1.533131
47373;Subra;Leo;3.52;39.9521;A5V+...;0.516;54.35005651294466;-32.353394;22.412883;6.863686
78165;Dschubba;Sco;2.29;150.6024;B0.2IV;-0.117;2396.624529408638;-69.332609;-120.492107;-57.928452
61124;Chara;CVn;4.24;8.4395;G0V;0.588;1.2496833972112191;-6.266213;-0.929293;5.576481
85433;Maasym;Her;4.41;113.2503;K3IIIvar;1.434;192.30917289101595;-12.948576;-100.86468;49.842035
84086;Rasalgethi;Her;2.78;110.2536;M5IIvar;1.164;818.0879579457477;-20.995512;-104.709944;27.400863
23712;Haedus;Aur;3.18;74.6269;B3V;-0.148;259.1791134615946;12.978524;54.599524;49.18977
106444;Bunda;Aqr;4.68;54.7645;A7V;0.175;35.05903839326127;44.13209;-31.551274;-7.483694
46339;Intercrus;UMa;5.4;85.8369;K0III-IV;0.993;44.38129803081385;-47.431774;36.836132;61.329924
105691;Alfirk;Cep;3.23;210.084;B2IIIv SB;-0.201;1962.4563241736896;55.219515;-42.886719;198.108029
116439;Kaffalmusalsala;And;4.15;51.6262;B9IVn;-0.071;50.76916258882487;36.792238;-3.152838;36.078346
5517;Emiw;Tuc;8.06;35.2983;K0IV/V;0.849;0.6480372941922908;13.576752;4.332049;-32.293578
104649;Kitalpha;Equ;3.92;58.3431;G0III+...;0.549;80.16780633876789;43.818116;-38.149671;5.336289
65839;Dofida;Cen;7.17;37.9651;G2V;0.603;1.701374815899198;-23.693773;-10.109418;-27.888234
89653;Kaus Media;Sgr;2.72;106.6098;K3III;1.38;808.3510373900685;8.460232;-92.098382;-53.027575
70532;Elgafar;Vir;4.81;36.2582;G2III;0.693;13.639548675066385;-28.915866;-21.829712;-1.409548
20483;Beemim;Eri;3.97;90.8265;K4III;1.468;185.5239575549284;30.609599;68.780131;-50.811792
36087;Gomeisa;CMi;2.89;49.5786;B8Vvar;-0.097;149.41699574067007;-18.209817;45.556204;7.147858
25542;Nihal;Lep;2.81;49.1642;G5II;0.807;158.1976398601154;6.349344;45.531613;-17.425966
108030;Itonda;Gru;7.47;45.8505;G2V:;0.568;1.882781836734675;31.177482;-18.487777;-28.079086
26142;Meissa;Ori;3.39;336.7003;O...;-0.16;4349.106072324538;35.907504;329.702779;58.086365
87665;Barnard's Star;Oph;9.54;1.8238;sdM4;1.57;0.0004425883723626;-0.017373;-1.816613;0.149123
91566;Xihe;Lyr;6.04;139.47;G8;1.04;64.9830363484238;21.185517;-110.010103;83.070331
19730;Rhombus;Ret;3.33;49.554;G7III;0.915;99.54054173515264;10.180685;20.514413;-43.944776
42990;Ashlesha;Hya;3.38;39.6354;G0III-IV;0.685;60.81350012787179;-26.198413;29.410867;4.431082
92854;;Sgr;8.37;100000.0;A0IV;0.058;3908408.957924025;20710.506613;-79423.964908;-57121.875967
82263;Xamidimura;Sco;3.0;153.6098;B1.5IV + B;-0.2;1296.5820353826284;-35.43289;-115.66204;-94.671563
80579;Wolf 1061;Oph;10.1;4.2922;M4;1.604;0.0014628506869998;-1.597477;-3.871023;-0.940865
33492;Adhara;CMa;1.5;124.2236;B2II;-0.211;3375.981048554255;-27.497987;105.141608;-60.171969
91487;Struve 2398 B;Dra;9.7;3.4545;K5;1.561;0.0013702505971242;0.324167;-1.716358;2.980381
118084;p Eridani;Eri;5.8;8.1466;K2 V;0.86;0.276694164541151;4.110128;1.912046;-6.7701
27298;Saiph;Ori;2.07;198.4127;B0.5Iavar;-0.168;5095.654806081146;10.444137;195.314937;-33.326707
110467;Lionrock;Aqr;7.6;131.0616;G8IV;0.882;13.639548675066385;115.004344;-49.379339;-38.895048
57545;;Cen;8.89;100000.0;B3IV/V;0.106;2421029.04673618;-50927.261236;2176.856711;-86032.989939
76100;Zubenelhakrabi;Lib;3.91;50.025;K0III;1.007;59.48397740692212;-28.510476;-39.071229;-12.769777
109784;Lang-Exster;Tuc;2.87;61.237;K3III;1.39;232.2736796357105;27.447381;-13.018072;-53.171301
24549;Capella;Aur;0.08;13.1234;M1: comp;0.795;139.3156802945302;1.712633;8.954439;9.440007
76835;Unukalhai;Ser;2.63;22.6757;K2III;1.167;39.73745050614631;-12.5786;-18.695648;2.537718
82022;Atria;TrA;1.91;119.7605;K2IIb-IIIa;1.447;2151.7905703397573;-13.127447;-40.804561;-111.826781
84147;Guniibuu;Oph;4.33;5.9333;K2:III:;0.855;0.5680675741067719;-1.027046;-5.204798;-2.656955
52370;Macondo;Ant;8.3;27.8552;K3V;0.945;0.3235936569296281;-21.954758;7.522298;-15.405733
65338;;Cen;8.98;100000.0;B9III;0.125;2228435.149270303;-42863.166895;-16917.867005;-88749.843379
6838;;And;8.39;100000.0;M0;1.617;3837072.454922792;68381.21095;27668.274806;67516.491011
67088;Alkaid;UMa;1.85;31.8674;B3V SB;-0.099;160.99040762157054;-18.529548;-9.394541;24.164506
47297;Ukdah;Hya;3.9;80.7103;K3IIIvar;1.313;156.3147642640954;-66.071937;46.325951;-1.609728
19799;Keid;Eri;4.43;4.9845;K1V;0.82;0.3657631930094519;2.179524;4.432894;-0.66374
114848;Danfeng;Tuc;11.03;26.3713;M2;1.45;0.0234638892446413;12.960983;-2.278056;-22.853202
17406;Atik;Per;3.84;343.6426;B1III;0.022;2995.021883751126;162.113525;241.065988;183.56674
95992;Campbell's Hydrogen Star;Cyg;10.0;100000.0;WC...;-0.013;870963.5899560815;34611.284098;-78889.844899;50778.453408
57459;Denebola;Leo;2.14;10.9999;A3Vvar;0.09;14.682499678319866;-10.633926;0.508011;2.767546
109657;Ancha;Aqr;4.17;57.4713;G8III-IV;0.979;61.773185859152;51.269356;-24.775209;-7.783126
73486;Brachium;Lib;3.25;88.4173;M3/M4III;1.674;341.3500729493114;-55.51919;-57.527085;-37.760649
3472;Cocibolca;Scl;7.78;32.3729;G5V;0.664;0.7053424142580965;28.425119;5.582477;-14.452867
106481;Sāmaya;PsA;8.56;107.7586;F7V;0.546;3.808903764981351;74.642254;-53.172993;-56.684058
34354;Wezen;CMa;1.83;492.6108;F8Ia;0.671;39192.2322454977;-129.733458;421.761488;-218.979855
92133;Sheliak;Lyr;3.52;294.9853;A8:V comp SB;0.003;2962.1019360527675;53.40884;-240.514817;162.223134
62257;Gar;Vir;11.39;8.3703;M4;1.563;0.0016966802323464;-8.06968;-1.713193;1.417736
67711;Muphrid;Boo;2.68;11.396;G0IV;0.58;9.585173976856456;-9.487671;-5.188142;3.596709
49528;Regulus;Leo;1.36;24.3132;B7V;-0.087;147.09570767969765;-21.018857;11.132218;5.041397
38126;;Car;9.0;100000.0;B9III/IV;0.014;2187761.623949552;-24065.14492;46241.092415;-85338.327686
115258;Alkarab;Peg;4.42;52.2466;F8IV;0.617;40.55085354483837;47.401961;-7.215479;20.75302
45809;Markeb;Vel;2.47;175.4386;B2IV;-0.141;2756.7666102901003;-77.65777;63.951481;-143.729782
78029;Fang;Sco;2.89;179.5332;B1V + B2V;-0.18;1960.6496672266007;-81.301517;-139.203202;-79.023364
14540;Algol;Per;2.09;27.571;B8V;-0.003;96.56060985415496;14.189428;15.238793;18.072114
92659;Alya B;Ser;4.98;51.9481;A5Vn;0.204;23.9441817286338;12.587009;-50.255684;3.806479
113961;Ebla;Psc;8.59;28.5551;K3V;1.012;0.260135725665313;27.833867;-6.27534;-1.126403
115718;Poerava;Tuc;7.82;55.2792;F7V;0.513;1.98243976287264;28.894288;-3.632398;-46.986336
87314;Grumium;Dra;3.73;34.5066;K2III;1.177;33.419504002611426;-0.532395;-18.850278;28.897629
72113;Mönch;Vir;8.04;31.7058;K0III;0.781;0.5325985748490616;-23.603748;-21.168292;-0.15576
61166;Kraz;Crv;2.65;44.6628;G5II;0.893;151.3561248436207;-40.529889;-6.127261;-17.73539
55359;;Cen;9.28;100000.0;B1.5Ve;0.053;1690440.9316432667;-47716.816812;7914.712993;-87524.069236
70851;Seginus;Boo;3.04;26.6099;A7IIIvar;0.191;37.49730022454834;-16.449442;-12.860715;16.49506
22396;Tabit;Ori;3.19;8.0684;F6V;0.484;3.003308878676558;2.413721;7.63677;0.977904
60731;3C 273;Vir;12.88;100000.0;;0.12;61376.20051647933;-99130.70606;-12660.058622;3581.344963
89906;Kaus Australis;Sgr;1.79;43.9367;B9.5III;-0.031;323.2957533680941;3.817188;-36.057831;-24.812975
65592;;Cen;10.65;100000.0;;0.375;478630.092322638;-53169.449135;-21824.240478;-81833.441858
113687;Lacaille 9352;PsA;7.35;3.2759;M2/M3V;1.483;0.0107349493580523;2.581532;-0.621353;-1.918773
10800;Mira;Cet;6.47;91.659;M5e-M9e;0.966;18.897310544316767;75.131148;52.288786;-4.761374
5337;Wurren;Phe;3.94;91.5751;B6V + B0V;-0.12;193.9099078614849;49.896436;15.346501;-75.238648
62890;Minelauva;Vir;3.39;60.8273;M3III;1.571;141.90575216890926;-58.94191;-14.587593;3.604756
67786;Leepwal;Cen;2.55;117.096;B2.5IV;-0.176;1140.7750129221204;-69.545858;-38.36753;-86.039492
112997;Helvetios;Peg;5.45;15.6079;G5V;0.666;1.4021678337057588;14.053522;-3.93265;5.534429
26159;;Ori;6.71;100000.0;B0.5Vp...;0.08;18030177.4085957;10714.809969;98979.955565;-9389.424854
59621;Gienah;Crv;2.58;47.1032;B8III;-0.107;179.47336268325265;-44.805937;-3.095058;-14.197066
80776;Rosalíadecastro;Oph;7.89;62.0347;G0;0.68;2.3399145610550987;-23.009677;-57.565318;2.256769
69205;Kang;Vir;4.18;78.125;K3III;1.323;113.13578641195627;-64.306477;-42.119366;-13.933635
29477;Amadioha;CMa;8.98;56.3063;G8/K0IV/V;0.817;0.7066429004252072;-2.893727;48.727238;-28.065674
114887;Salm;Peg;4.58;49.5786;A5V;0.18;31.506488329723936;44.715629;-7.756411;19.960021
117750;;Cas;10.26;100000.0;A0;0.741;685488.226452662;39982.066951;-424.239313;91658.356647
113603;Markab;Peg;2.49;40.8831;B9.5III;-0.002;146.96028989796503;38.311434;-9.417123;10.722722
93846;Albaldah;Sgr;2.88;156.25;F2II/III;0.377;1498.30421062266;43.714239;-139.143552;-56.055078
46954;Illyrian;LMi;7.62;125.4705;G0;0.864;12.28004617988788;-83.307172;60.663459;71.573083
53754;Merak;UMa;2.34;24.4499;A1V;0.033;60.31148196178175;-13.103033;3.398358;20.360601
30049;Furud;CMa;3.02;111.1111;B2.5V;-0.16;666.1929002234552;-8.512138;95.786306;-55.662081
53584;Alkes;Crt;4.08;48.8043;K1III;1.079;48.39494493016627;-44.746057;12.036889;-15.32333
86347;Dziban;Dra;4.57;22.8363;F5IV-V;0.434;6.748387308707568;-0.551088;-6.978598;21.736754
48478;Felis;Hya;4.94;188.3239;K5III;1.559;326.587832172336;-152.168245;92.455966;-61.341498
39318;Naos;Pup;2.21;332.2259;O5IAf;-0.269;12554.51673687138;-130.674899;218.376203;-213.564535
119137;Onkaria;Oph;14.67;12.9199;m;1.74;0.00019696996149;-2.493928;-12.627569;1.117419
49528;Regulus;Leo;1.36;24.3132;B7V;-0.087;147.09570767969765;-21.018857;11.132218;5.041397
42687;Asellus Borealis;Cnc;4.66;55.5556;A1IV;0.01;36.77900704223862;-33.797361;39.125009;20.33287
48099;Natasha;Vel;8.54;32.3729;K1V;0.855;0.3502676269138128;-17.62853;11.226113;-24.722742
4417;Cih;Cas;2.15;168.3502;B0IV:evar;-0.046;3407.218616593573;79.836717;20.168018;146.837047
75187;Alkalurops B;Boo;6.51;36.062;G1V;0.6;2.818382931264453;-17.991461;-22.319858;21.876782
8884;Sheratan;Ari;2.64;17.9856;A5V...;0.165;24.774220576332848;14.752622;8.063457;6.389157
113529;Fumalsamakah;Psc;4.48;125.1564;B6Ve;-0.115;220.19122114844777;121.152668;-30.275882;8.338293
60530;Acrux;Cru;0.77;98.7167;B0.5IV;-0.243;4176.379929509739;-44.363755;-5.171957;-88.034513
40602;;Pup;11.85;100000.0;;0.134;158489.3192461114;-48949.522414;70757.594136;-50963.782508
17661;Alcyone;Tau;2.85;123.6094;B7III;-0.086;963.8290236239706;61.664507;94.489136;50.483636
37933;Tapecue;Car;8.1;33.2557;G6IV/V;0.745;0.5541151189716866;-8.804898;17.312575;-26.994249
30270;Tejat;Gem;2.87;71.0227;M3IIIvar;1.621;312.4640085806112;-6.562116;65.281443;27.194957
65272;Alcor;UMa;3.99;25.0564;A5V SB;0.169;13.867558288718882;-13.393436;-5.223608;20.521915
101767;Deneb;Cyg;1.25;432.9004;A2Ia;0.092;51617.86054966733;197.250632;-232.113407;307.600832
78979;Kamuy;CrB;6.57;125.3133;K0III;1.037;32.210687912834345;-51.645678;-99.279411;56.389141
17457;Electra;Tau;3.72;124.0695;B6III;-0.105;435.7124805030843;62.965631;94.124106;50.687766
98508;Tianfu;Aql;5.51;141.6431;K0III;1.063;109.24460532267928;72.436519;-120.389654;17.943762
83290;Rapeto;Sco;7.39;49.5295;G2IV-V;0.565;2.3637416081162934;-8.640486;-34.989554;-33.974575
62239;Mimosa;Cru;1.25;85.3971;B0.5III;-0.238;2008.1678041839857;-42.168771;-8.909619;-73.723149
71634;Uridim;Lup;2.3;142.4501;B1.5III;-0.154;2124.222477388697;-73.354913;-62.611867;-104.837277
21368;Aldebaran;Tau;0.87;20.4332;K5III;1.538;163.23000728189953;7.02722;18.287604;5.806661
69451;Arcturus;Boo;-0.05;11.2575;K2IIIp;1.239;115.55799554021291;-8.823448;-5.932531;3.698938
97725;Alshain;Aql;3.71;13.6986;G8IVvar;0.855;5.360434578161428;6.563854;-11.925647;1.528534
44135;Ross 687;Hya;12.37;20.9424;M4;1.455;0.0043052661049171;-14.80023;14.692285;1.913156
37159;Jishui;Gem;4.89;50.9944;F3III;0.413;25.07263624777119;-17.604251;38.11415;28.945417
31812;Nosaxa;Pup;8.05;85.3971;G5IV/V;0.747;3.826484865951095;-9.824884;55.678794;-64.000065
88361;Alnasl;Sgr;2.98;29.7;K0III;0.981;49.38556196176077;0.648969;-25.602281;-15.040072
77214;Gudja;Ser;4.09;117.096;M1III;1.616;276.18494420752944;-60.303137;-93.518027;36.45959
7593;Nembus;And;3.59;54.3183;K3III;1.275;94.18895965228413;32.669331;14.886999;40.762548
63405;Vindemiatrix;Vir;2.85;33.6022;G8IIIvar;0.934;71.25248247522671;-31.782664;-8.840495;6.38806
42327;Gakyid;Cnc;8.23;81.0373;G5;0.962;2.918770848197142;-50.568104;60.659599;18.174814
40766;Piautos;Cnc;5.92;140.2525;B9.5V;-0.039;73.45138681571152;-73.723045;104.765465;57.095809
94186;Aladfar;Lyr;4.43;425.5319;B2.5IV;-0.15;2666.8586645214805;104.385585;-313.073293;268.637487
13176;Bharani;Ari;3.61;50.7872;B8Vn;-0.1;80.83510373900673;33.287607;30.498162;23.26243
111893;Babcock's star;Lac;8.83;100000.0;A0p;0.031;2558585.886905648;53443.383418;-18369.410721;82500.724352
30365;Canopus;Car;-0.62;94.7867;F0Ib;0.164;13854.791675667217;-5.992679;57.132034;-75.396105
59020;Alchiba;Crv;4.02;14.9365;F0IV/V;0.334;4.790711300030742;-13.557668;-0.497944;-6.248321
4453;Kui;And;4.4;70.4225;G8III-IV;0.94;75.09309424540648;62.61915;15.963361;27.988017
78804;Marsic;Her;5.0;112.7396;G8III;0.931;110.66237839776664;-50.571259;-95.186266;33.050231
101095;Aldulfin;Del;4.03;101.3171;B6III;-0.123;218.37353276021747;61.580495;-77.965441;19.858319
104861;Alderamin;Cep;2.45;15.0376;A7IV-V;0.257;20.62528697846573;5.276111;-4.483201;13.348778
5044;Nenque;Phe;7.72;41.3736;G3IV;0.613;1.217867384891259;30.667693;8.890809;-26.310407
88794;;Sgr;7.78;100000.0;F8Ib;1.23;6729766.562843182;4334.29908;-92459.308518;-37848.251213
92471;Ainalrami;Sgr;4.86;344.8276;K1II;1.412;1178.148406002925;74.467326;-309.170538;-133.319898
2076;Ankaa;Phe;2.4;25.974;K0III...;1.083;64.44659847416881;19.083654;2.198282;-17.483284
17537;Asterope;Tau;5.76;114.0251;B8V;-0.036;56.23413251903491;57.278032;86.462186;47.384166
6672;Ruchbah;Cas;2.66;30.4785;A5Vv SB;0.16;69.82324040771711;14.082378;5.53413;26.457567
71682;Xami;Cir;3.18;16.57;F1Vp;0.256;12.78792262935846;-5.319852;-4.563974;-15.014538
62757;Alioth;UMa;1.76;25.31;A0p;-0.022;110.2554332102224;-13.775959;-3.309169;20.972944
104652;;Cyg;9.58;100000.0;B8;0.134;1282330.582656023;51334.88489;-44677.141567;73271.294616
53879;Lalande 21185;UMa;7.49;2.5469;M2V;1.502;0.0057016427228074;-1.998;0.504305;1.495504
5725;Revati;Psc;5.21;53.3049;A7IV;0.32;20.398583002685616;50.128801;16.707567;7.027196
102157;Aljanah;Cyg;2.48;22.2916;K0III;1.021;44.09608164506378;12.262597;-13.834612;12.455654
24129;Kapteyn's Star;Pic;8.86;3.9114;M0V;1.543;0.0038089037649813;0.578997;2.705174;-2.76822
95652;Albireo B;Cyg;5.12;122.549;B8V;-0.095;117.16556739113024;41.751189;-99.862557;57.467608
21340;Theemin;Eri;3.81;65.5738;G8III;0.957;112.0985512875314;20.338212;52.67393;-33.342657
106972;Enif;Peg;2.38;211.4165;K2Ibvar;1.52;4349.106072324538;172.769915;-116.330918;36.25782
26662;Alnitak;Ori;1.74;225.7336;O9.5Ib SB;-0.199;8937.169608501978;18.918488;224.809409;-7.651875
79352;Yed Prior;Oph;2.73;52.4659;M1III;1.584;193.9099078614849;-23.290749;-46.890988;-3.380547
99743;Algedi;Cap;3.58;32.4465;G6/G8III;0.883;33.91563869058218;17.945333;-26.097385;-7.047505
86991;Fuyue;Sco;3.19;38.5802;K0/K1III;1.192;68.67521061488183;-1.362278;-30.763993;-23.24156
61748;Porrima;Vir;2.74;11.685;F0V+...;0.368;9.532350439205146;-11.488622;-2.111702;-0.295552
74732;Nikawiy;Boo;7.88;98.2318;G5;0.93;5.92106733564661;-47.33943;-55.9706;65.389271
33481;;Mon;7.2;100000.0;B0.5IV;-0.088;11481536.214968815;-25201.087507;96628.569147;-5274.927285
104442;Solaris;Peg;9.78;48.3559;K5;1.611;0.249344618809783;34.978517;-31.055419;12.26203
3759;96 G. Psc;Psc;5.74;7.4549;K2V;0.89;0.2447935666196065;7.258368;1.555495;0.686093
47645;Añañuca;Vel;10.22;9.8707;M1:;1.53;0.0069310654514993;-5.716082;3.837529;-7.073973
94081;Altais;Dra;3.07;29.8686;G9III;0.99;45.96211446660011;3.534238;-10.788301;27.627312
37159;Jishui;Gem;4.89;50.9944;F3III;0.413;25.07263624777119;-17.604251;38.11415;28.945417
28962;Elkurud;Col;5.0;221.2389;B8:IV;-0.095;426.1868054241604;-5.782732;176.005131;-133.923795
44689;Suhail;Vel;2.23;166.9449;K4Ib-II;1.665;3113.149665447025;-88.662596;82.682121;-114.774841
55011;Hunahpú;Crt;8.05;134.2282;K0III/IV;0.962;9.45366045957965;-120.572962;22.459787;-54.542905
106795;Azelfafage;Cyg;4.69;529.1005;B3IV;-0.119;3244.890156605363;273.366682;-187.713963;412.287993
78580;Acrab;Sco;2.56;123.9157;B0.5V;-0.065;1265.9017493002452;-55.881427;-102.320756;-41.98604
83638;Aldhibah;Dra;3.17;100.7049;B6III;-0.12;476.4309868054156;-9.178442;-40.388128;91.793254
77868;Iklil;Sco;3.87;144.7178;B2IV/V;-0.199;516.6542425669502;-64.636099;-108.519131;-70.633018
119058;Graffias;Sco;4.84;24.3309;F6 IV-V;0.45;5.975854297155728;-11.530023;-20.879358;-4.798287
20837;Ain;Tau;3.53;44.964;K0III;1.014;68.17105263058534;16.488448;39.136798;14.772771
15824;Mirfak;Per;1.79;155.2795;F5Ib;0.481;4040.173353730007;62.885098;77.880689;118.708804
80593;Ogma;Her;8.15;79.4281;G0;0.611;3.019951720402016;-23.714339;-57.602097;49.279323
113980;Safina;Aqr;3.68;82.9876;K1III;1.202;202.3019178678272;75.510914;-16.931759;-29.973162
65221;Matza;Cen;7.01;97.9432;A2V;0.093;13.121998990192028;-56.858287;-21.997276;-76.655891
116218;Udkadua;And;3.81;26.4061;G8III-IV;0.984;18.18025623774263;18.103691;-1.77795;19.141071
116361;Errai;Cep;3.21;14.1024;K1IV;1.031;9.003264310597224;3.008186;-0.271815;13.774751
85965;Sargas;Sco;1.86;92.081;F1II;0.406;1331.6803762699813;-6.654055;-67.016643;-62.796539
101442;Rotanev;Del;3.64;30.931;F5IV;0.425;29.16083798521233;18.994041;-23.134214;7.794139
94829;Belel;Sgr;7.55;110.6195;K0III;1.022;10.17653662620533;35.109071;-95.077194;-44.321033
10620;Deltoton;Tri;4.84;10.784;G0V;0.607;1.1738159324832202;7.36921;5.020051;6.065246
23398;Saclateni;Aur;3.69;240.9639;K4II comp;1.154;1690.440931643265;45.114162;175.957014;158.327189
17809;Pleione;Tau;5.05;117.096;B7p;-0.082;114.07750129221203;57.734463;89.91922;47.882552
18567;Menkib;Per;3.98;381.6794;O7.5Iab:;0.016;3244.890156605363;156.01015;267.421217;223.218208
10440;;Hor;8.85;100000.0;M0III;1.57;2511886.4315095823;41764.3792;27879.628535;-86478.106726
111359;Situla;Aqr;5.04;65.5738;K2III;1.14;36.10771451003529;61.229681;-22.967064;-4.834534
53369;Aiolos;Car;7.36;90.4159;A8III;0.23;8.098414473257884;-31.65874;8.921182;-84.220969
62030;La Superba;CVn;5.42;320.5128;C7Iab;2.994;607.5751461057412;-220.542536;-43.99915;228.371602
64904;Kulou;Cen;2.75;18.0213;A2V;0.068;22.46984103640156;-13.562569;-4.976416;-10.773082
42794;Alsephina;Vel;1.93;24.6975;A1V;0.043;89.78421709097269;-9.394033;10.739813;-20.158771
56339;Formosa;Leo;6.45;122.2494;G9III;1.01;34.22945623160411;-113.87372;12.439743;42.695774
40411;Tarf;Cnc;3.53;93.0233;K4III;1.481;291.87708481971424;-51.522087;76.015371;14.84954
30832;Lusitânia;Mon;8.1;34.3525;K5;0.846;0.5915616341754738;-4.288647;33.455125;6.515853
26229;;Ori;8.65;100000.0;B9;-0.037;3019951.720402019;10320.991336;98077.849527;16559.365027
96970;Tarazed;Aql;2.72;121.0654;K3II;1.507;1042.3174293933046;53.215608;-106.431852;22.297682
112152;;Lac;7.95;100000.0;B9;0.074;5754399.373371567;65761.746471;-21556.114961;72185.362844
8867;Segin;Cas;3.35;126.2626;B2pvar;-0.15;634.453795775715;49.169644;26.806887;113.163436
23361;Almaaz;Aur;3.03;653.5948;F0Ia;0.537;22845.46488551825;118.129799;456.518488;452.57303
107213;Deneb Algedi;Cap;2.85;11.8666;A5mF2 (IV);0.18;8.8879171988482;9.534405;-6.248606;-3.296196
104046;Polaris Australis;Oct;5.45;86.1326;F0III;0.283;42.69725940480335;1.150845;-1.065873;-86.118423
20842;Chamukuy;Tau;3.4;46.1042;A7III;0.179;80.83510373900673;17.209733;40.871602;12.608233
30016;Red Rectangle;Mon;8.85;440.5286;B8;0.344;48.75284901033863;-37.678828;431.31548;-81.318571
55498;Shama;Leo;9.1;49.9251;K0;0.874;0.4975079213514407;-49.302696;7.744997;-1.332214
11734;Polaris;UMi;1.97;132.626;F7:Ib-IIv SB;0.636;2495.743794831569;1.3431;1.047629;132.614909
66040;Heze;Vir;3.38;22.7118;A3V;0.114;19.971008660281843;-20.799365;-9.118725;-0.236175
100425;Peacock;Pav;1.94;54.8246;B2IV;-0.118;438.5306977749856;17.850262;-24.200974;-45.841245
70785;;Lib;9.5;100000.0;B9V;0.05;1380384.2646028867;-72645.223464;-56440.388312;-39206.556531
99985;Alshat;Cap;4.77;77.6398;B9IV;-0.047;64.86344335482381;43.612148;-61.902343;-17.146901
85410;Rastaban;Dra;2.79;116.5501;G2II;0.954;906.149802231998;-9.169333;-70.678899;92.218765
1544;Citadelle;Psc;8.36;159.2357;K0;0.92;9.999999999999998;153.922235;12.982322;38.670219
72345;Solitaire;Hya;4.42;101.5228;K3III;1.366;153.1792715893416;-66.036951;-60.664821;-47.600014
69510;Xuange;Boo;4.18;30.3582;A0sh;0.087;17.076544728138742;-17.435524;-11.802923;21.870286
44000;Talitha;UMa;3.12;14.5096;A7IV;0.223;10.35618977044986;-6.835882;6.883318;10.789878
21849;;Per;8.02;100000.0;A0;0.386;5395106.225151268;25966.541314;73954.405806;62100.600593
35806;Aludra;CMa;2.45;609.7561;B5Ia;-0.083;33915.6386905822;-190.762166;496.337122;-298.432917
17809;Pleione;Tau;5.05;117.096;B7p;-0.082;114.07750129221203;57.734463;89.91922;47.882552
114848;Danfeng;Tuc;11.03;26.3713;M2;1.45;0.0234638892446413;12.960983;-2.278056;-22.853202
3413;Diphda;Cet;2.04;29.5334;K0III;1.019;116.0913870126182;27.583638;5.310463;-9.119792
27559;Wazn;Col;3.12;26.7308;K1.5III;1.146;35.15604405282981;0.855327;21.672805;-15.624858
80221;Cujam;Her;4.57;76.6871;B9p Cr;0.002;76.13774324561511;-29.840058;-68.151905;18.595479
68537;Thuban;Dra;3.67;92.9368;A0III SB;-0.049;256.09435171567696;-34.416017;-20.758849;83.796391
83755;Sabik;Oph;2.43;27.0929;A2.5Va;0.059;68.17105263058534;-5.602493;-25.470005;-7.342684
7574;Achernar;Eri;0.45;42.7533;B3Vp;-0.158;1051.9618738232234;21.065573;9.568417;-35.951967
23820;Cursa;Eri;2.78;27.3973;A3IIIvar;0.161;50.53589947531675;6.156194;26.585876;-2.429001
100128;Sadr;Cyg;2.23;561.7978;F8Ib;0.673;35253.318119588555;249.318228;-348.795593;363.040966
32263;Sirius;CMa;-1.44;2.6371;A0m...;0.009;22.824433121735037;-0.494323;2.476731;-0.758485
95473;Anser;Vul;4.44;91.1577;M0 comp;1.502;121.22717925364972;31.268751;-76.712143;38.040745
95648;Albireo;Cyg;3.05;133.1558;K3II+...;1.088;930.6791831626532;45.350466;-108.51838;62.430012
92604;Kaveh;Ser;8.02;127.0648;G8V;0.869;8.709635899560805;30.48371;-122.991629;9.450485
7499;Titawin;And;4.1;13.4916;F8V;0.536;3.630780547701012;9.229933;4.147969;8.92295
95799;Alsafi;Dra;4.67;5.7547;K0V;0.786;0.3908408957924018;0.784452;-1.840016;5.396152
53905;Dubhe;UMa;1.81;37.679;F7V comp;1.061;233.3458062281002;-17.298705;4.33488;33.191332
43939;Acubens;Cnc;4.26;57.7367;A5m;0.141;57.385213267461886;-39.690103;40.217629;11.863811
54718;Chertan;Leo;3.33;50.6073;A2V;-0.003;103.8484455008274;-47.814213;9.675761;13.464276
48219;Zhang;Hya;4.11;80.9061;G6/G8III;0.918;129.4195841449985;-66.227032;41.59319;-20.730703
93213;Ascella;Sgr;2.6;27.0416;A3IV;0.062;58.07644175213118;6.326274;-22.577554;-13.471863
40959;Alsciaukat;Lyn;4.25;117.2333;K5III;1.55;238.7811282913176;-49.889521;69.406143;80.234157
59565;Imai;Cru;2.79;105.8201;B2IV;-0.193;746.7925899308835;-54.778605;-3.62525;-90.466
87994;Bodu;Her;4.26;127.8772;G5;0.406;281.5788299710311;0.78172;-118.897851;47.065883
75182;Alkalurops;Boo;4.31;34.6861;F0V;0.309;19.787913352337373;-17.300377;-21.457918;21.056469
86515;Alruba;Dra;5.75;163.3987;A2V;0.017;116.5198723025;-6.737285;-96.264768;131.85914
79640;Yed Posterior;Oph;3.23;32.6371;G8III;0.966;47.38053933388255;-13.962311;-29.378579;-2.669978
65983;Liesma;UMa;8.05;88.574;K0;0.699;4.119077848677374;-48.051398;-20.903886;71.410393
85857;;Her;10.23;100000.0;K0;0.977;704693.0689671467;-8197.836119;-78060.810594;61962.12821
62921;Cor Caroli B;CVn;5.61;36.9004;F0V;0.337;6.760829753919817;-28.092342;-7.005189;22.877614
26246;Alnilam;Ori;1.69;606.0606;B0Ia;-0.184;67483.87308707573;62.775122;602.66691;-12.712683
70666;Proxima Centauri;Cen;11.01;1.2959;M5Ve;1.807;5.77032135333e-05;-0.472264;-0.361451;-1.151219
78805;Marsic B;Her;6.25;645.1613;K1III;1.14;1146.040591136603;-289.369888;-544.699215;189.212514
36744;Castor;Gem;1.58;15.5958;A2Vm;0.034;49.43106869868354;-5.311938;12.130011;8.238737
32161;Mebsuta;Gem;3.06;259.0674;A3mA6-A9;1.377;3489.7956743787418;-44.684834;230.247724;110.023705
74732;Nikawiy;Boo;7.88;98.2318;G5;0.93;5.92106733564661;-47.33943;-55.9706;65.389271
28309;Mahasim;Aur;2.65;50.7614;A0p Si;-0.083;195.52396696208865;0.049188;40.426416;30.69934
111804;Matar;Peg;2.93;65.703;G2II-III..;0.852;253.04630494613968;53.59916;-18.717064;33.070991
38062;Azmidi;Pup;3.34;367.6471;G6Ia;1.218;5430.002130657378;-153.118527;296.362603;-154.558514
75466;Nusakan;CrB;3.66;34.2818;F0p;0.319;35.15604405282981;-18.45833;-23.589253;16.675351
72396;Zubenelgenubi;Lib;2.75;23.2396;A3IV;0.147;37.35940922587999;-16.408581;-15.151818;-6.421874
32161;Mebsuta;Gem;3.06;259.0674;A3mA6-A9;1.377;3489.7956743787418;-44.684834;230.247724;110.023705
65571;;Cen;7.1;100000.0;B1.5Iab;0.049;12589254.117941689;-40749.249295;-16689.695409;-89782.808633
17805;Atlas;Tau;3.62;117.2333;B8III;-0.07;426.5795188015925;57.849417;90.077197;47.782936
69751;Khambalia;Vir;4.52;57.1755;A1V;0.128;44.29961991003636;-45.689342;-31.728277;-13.222219
86529;Cervantes;Ara;5.12;15.5111;G5V;0.694;1.8758581737992832;-0.662558;-9.561971;-12.19514
118742;Alula Australis;UMa;4.33;10.4167;G0 Ve;0.59;1.7522658618857083;-8.73089;1.610966;5.446747
115711;Veritate;And;5.22;79.1766;K0III;1.029;44.58615279480704;60.844885;-7.662161;50.080351
5731;Revati B;Psc;6.44;93.985;F7V;0.492;20.41737944669529;88.381439;29.46675;12.394783
110547;Kruger 60;Cep;9.59;4.001;M2V;1.613;0.0020342297432117;1.968033;-0.83547;3.381486
72380;Kochab;UMi;2.07;40.1445;K4IIIvar;1.465;208.54510476931685;-8.058164;-7.429707;38.619407
46861;;Leo;7.35;100000.0;M3III:;1.67;10000000.0;-79743.507742;58635.829266;14241.228218
76997;Zhou;Ser;3.65;47.5511;A3V;0.073;68.29674408079636;-25.268927;-38.245168;12.644945
68714;Menkent;Cen;2.06;18.0343;K0IIIb;1.011;42.46195639463128;-12.358808;-7.624204;-10.694288
43464;Copernicus;Cnc;5.96;12.3411;G8V;0.869;0.5480245321768503;-7.429298;7.925466;5.85673
67251;Heng;Cen;3.41;133.8688;B2IV;-0.225;674.8387308707573;-88.774682;-45.96956;-89.0322
68537;Thuban;Dra;3.67;92.9368;A0III SB;-0.049;256.09435171567696;-34.416017;-20.758849;83.796391
30788;Lucilinburhuc;Aur;7.89;48.8759;G5;0.74;1.4521116175877415;-4.756834;37.704707;30.734041
65269;Spica;Vir;0.98;76.5697;B1V;-0.235;2070.1413487910413;-69.990853;-27.285826;-14.82176
25273;Bellatrix;Ori;1.64;77.3994;B2III;-0.224;1152.3913771994878;11.658576;76.036136;8.56012
65173;Mizar;UMa;2.23;26.3089;A2V;0.057;77.33925780489973;-14.115808;-5.413302;21.531272
41586;Muscida;UMa;3.35;54.9149;G4II-III;0.856;120.00518202042646;-16.37548;21.290022;47.898272
57119;Uklun;Cen;7.47;39.6983;G6V;0.721;1.4112371484118504;-20.576736;1.363005;-33.921898
32276;Alzirr;Gem;3.35;17.9986;F5IV;0.443;12.894366199598707;-3.444569;17.203451;4.0169
95777;Uruk;Sge;8.97;118.4834;F8V;0.539;3.15645789129907;44.426247;-104.573689;33.600124
48318;Rasalas;Leo;3.88;38.0518;K0III;1.222;35.383435681472214;-29.062466;18.02588;16.685015
62228;Tianyi;Dra;5.43;227.2727;K5III;1.567;302.83076942657783;-87.644943;-18.458661;208.879282
56916;Noquisi;Leo;10.67;10.141;M3;1.493;0.0048305880203977;-9.031878;0.703493;4.557621
8628;Baten Kaitos;Cet;3.74;72.0461;K2III;1.136;144.27796231294775;62.65906;33.12747;-12.925362
37178;Ceibo;Cha;9.37;34.5423;K4V;1.006;0.1856949101490461;-2.947922;6.367903;-33.822035
8867;Segin;Cas;3.35;126.2626;B2pvar;-0.15;634.453795775715;49.169644;26.806887;113.163436
113366;Alfarasalkamil;And;3.62;210.5263;B6pv SB;-0.099;1376.5753865094157;150.676276;-39.022904;141.757338
52752;;LMi;11.23;100000.0;B2;-0.186;280543.3637951716;-75068.117066;23951.799303;61571.820749
20155;Prima Hyadum;Tau;3.65;49.5295;G8III;0.981;74.06277836681546;20.197375;43.211662;13.342572
50440;Algieba;Leo;2.01;39.8883;K0III;1.128;217.5704950925793;-34.002797;15.860719;13.53874
60893;Gacrux;Cru;1.59;27.1518;M4III;1.6;148.45676750522713;-14.606901;-1.998688;-22.800748
58777;Tonatiuh;Cam;5.78;97.0874;G9III;1.029;40.03132821780234;-21.989708;-0.504005;94.562822
80443;Timir;Oph;6.89;59.0319;K0III/IV;0.95;5.321082592667941;-22.329431;-52.905718;-13.680158
45106;Miaplacidus;Car;1.67;34.6981;A2IV;0.07;225.32013356294823;-8.980712;8.001552;-32.546536
12082;268 G. Cet;Cet;5.79;7.1803;K3V;0.918;0.2169701553800851;5.538462;4.488223;0.861013
12159;Buna;And;7.28;57.8704;G0;0.656;3.5710834580834563;33.267021;27.188006;38.769845
25364;Elnath;Tau;1.65;41.0509;B7III;-0.13;321.21809339879854;5.281578;35.6504;19.655456
86839;Bake-eo;Oph;3.75;31.5159;A0V;0.043;27.365286541924664;-1.662293;-31.436744;1.488597
119127;Alrakis;Dra;5.63;23.2558;F7 V;0.47;2.637545740889343;-3.193886;-13.13167;18.925026
96450;Sham;Sge;4.39;130.3781;G0II;0.777;259.6569790273785;52.446573;-112.348474;40.319114
17489;Taygeta;Tau;4.3;125.4705;B6V;-0.11;261.3364576189024;63.361504;95.01397;51.966577
90979;Vega;Lyr;0.03;7.6787;A0Vvar;-0.001;49.93441887213498;0.960565;-5.908009;4.809731
17566;Merope;Tau;4.14;116.5501;B6IV;-0.051;261.3364576189024;58.663928;88.906234;47.309232
33632;Citalá;Mon;6.29;28.9603;G0III-IV;0.572;2.226383629552908;-7.499264;27.84151;-2.708925
85436;Lesath;Sco;2.7;176.6784;B2IV;-0.179;2261.517746108362;-17.880984;-139.40881;-107.054828
71456;Rigil Kentaurus;Cen;-0.01;1.3248;G2V;0.71;1.543121065657792;-0.495203;-0.414084;-1.156625
53085;;Car;9.0;100000.0;B9V;0.155;2187761.623949552;-24174.383395;7228.581404;-96764.388069
82144;Larawag;Sco;2.29;19.5351;K2IIIb;1.144;40.3273792976113;-4.842163;-15.39568;-11.006616
93452;Okab;Aql;2.99;25.4582;A0Vn;0.014;35.94181463147148;6.95881;-23.716532;6.099966
47069;Kalausi;Vel;8.23;41.1692;K0V;0.811;0.7537025766884254;-24.34255;17.492359;-28.220225
14802;Botein;Ari;4.35;52.0291;K2IIIvar;1.033;42.89434099967816;32.830084;36.343153;17.561644
57375;Ross 128;Vir;11.12;3.3553;M4.5V;1.746;0.0003496230040027;-3.349892;0.179372;0.047111
76035;Alphecca;CrB;2.22;23.0097;A0V;0.032;59.70352865838366;-12.176093;-16.558746;10.343974
44343;Alkaphrah;UMa;3.57;109.8901;A1Vn;0.007;392.6449353995997;-53.667801;51.996165;80.572997
39644;Tureis;Pup;2.83;19.4818;F2mF5IIp;0.458;24.389337302789126;-9.379037;15.076242;-8.018549
114960;;Peg;12.42;100000.0;M0;1.545;93756.20069258811;97552.301339;-16536.80879;14494.221556
8813;Mesarthim;Ari;3.88;50.3018;A1p Si;-0.047;61.83010727517132;41.769649;22.568336;16.620371
69451;Arcturus;Boo;-0.05;11.2575;K2IIIp;1.239;115.55799554021291;-8.823448;-5.932531;3.698938
71879;Izar;Boo;2.35;62.1118;A0;0.966;385.8335599053513;-41.582771;-36.462926;28.269741
13159;Nushagak;Cas;8.17;75.0188;G5;0.643;2.6448436268543603;17.335912;15.849496;71.246614
79834;Hunor;Her;8.72;114.4165;F8;0.463;3.705100563019239;-36.260076;-78.299814;75.136419
5436;Mirach;And;2.07;60.5327;M0IIIvar;1.576;474.2419852602448;46.946371;14.741814;35.255129
14632;Misam;Per;3.79;34.5662;K0III;0.98;31.71027438947892;16.593574;18.028979;24.381331
26315;Bubup;Men;6.69;38.3142;WN...;0.584;2.696497363543418;1.075847;10.699992;-36.774049
57767;Groombridge 1830;UMa;6.42;9.0917;G8Vp;0.754;0.194625615936124;-7.187679;0.220247;5.561623
69479;Syrma;Vir;4.07;22.237;F7V;0.511;10.139113857366794;-18.333625;-12.367873;-2.324624
92902;Sulafat;Lyr;3.25;190.1141;B9III;-0.049;1577.6112696993484;40.69872;-154.738921;102.67804
113980;Safina;Aqr;3.68;82.9876;K1III;1.202;202.3019178678272;75.510914;-16.931759;-29.973162
55810;;Cen;10.55;100000.0;B1V;0.12;524807.4602497723;-49460.111499;6891.361892;-86638.366222
50230;Tania Borealis;UMa;3.45;42.1585;A2IV;0.029;64.50598332848317;-27.815454;13.402145;28.706022
55372;;Cen;6.77;100000.0;B9Ve;0.037;17060823.890031207;-58868.988663;9711.948654;-80250.359669
63026;;Mus;8.45;100000.0;F6V;0.63;3630780.54770101;-37524.509224;-9592.18286;-92194.908945
44819;Nahn;Cnc;5.16;114.4165;K0III;0.97;98.35580562269574;-77.988303;71.865489;42.945282
17532;Maia;Tau;3.87;117.5088;B8III;-0.063;340.4081897010009;59.14718;89.215057;48.48319
31605;Pipit;Pup;3.17;113.8952;B8III SB;-0.103;609.8176639987851;-13.61885;81.907249;-77.960909
13028;Lilii Borea;Ari;4.52;52.6039;K1III;1.112;37.49730022454834;34.120953;30.698125;25.701009
37718;Pollux;Gem;1.16;10.3584;K0IIIvar;0.991;32.09223768048434;-4.055465;8.19518;4.867171
27919;Betelgeuse;Ori;0.45;152.6718;M2Ib;1.5;13415.28798266127;3.189296;151.364387;19.682142
54712;Zosma;Leo;2.56;17.9147;A4V;0.128;26.448436268543603;-16.442201;3.337108;6.280742
81020;Paikauhale;Sco;2.82;145.3488;B0V;-0.206;1370.2505971242451;-45.960032;-119.546841;-68.7205
33769;Nganurganity;CMa;3.49;343.6426;K4III;1.729;4134.281080471351;-80.775471;292.659236;-160.9853
7083;Alpherg;Psc;3.62;107.1811;G8III;0.974;356.77958828856265;95.233975;40.171366;28.364911
40602;;Pup;11.85;100000.0;;0.134;158489.3192461114;-48949.522414;70757.594136;-50963.782508
79191;Sharjah;Sco;11.34;14.3968;;1.486;0.0052529104845004;-6.147626;-12.156552;-4.657551
60776;Algorab;Crv;2.94;26.6312;B9.5V;-0.012;41.19077848677376;-25.316094;-3.317674;-7.57057
33956;Muliphein;CMa;4.11;135.5014;B8II;-0.112;363.0780547701014;-35.835279;125.471916;-36.514903
45425;Aspidiske;Car;2.21;234.7418;A8Ib;0.189;6269.024974761646;-90.887872;78.251756;-201.791538
119518;EZ Aqr;Aqr;12.66;3.3979;M5  e;1.98;8.67760744991e-05;3.069893;-1.139264;-0.895949
54001;Dingolay;Leo;8.21;157.9779;K0;0.856;11.303163247386966;-153.260473;37.686294;-6.927309
116265;Rasalnaqa;And;4.29;153.1394;B8V;-0.083;392.6449353995997;111.002171;-10.621481;104.963685
19538;Beid;Eri;4.04;37.3134;F2II-III;0.327;29.349452222697927;16.838836;33.000244;-4.442368
72144;Paradys;Aps;3.83;136.9863;K5III;1.433;479.95442493194446;-19.356924;-17.40793;-134.489842
14843;Dalim;For;3.8;14.2369;F8V;0.543;5.330893422367013;8.329775;9.25728;-6.899408
112389;Sadalbari;Peg;3.51;32.5309;M2III;0.933;36.3412616064223;28.209183;-8.893887;13.542862
75229;Edasich;Dra;3.29;31.027;K2III;1.166;40.5135220229264;-10.015969;-12.471787;26.585776
72619;Arcalís;Boo;7.8;110.011;K0;1.039;7.99466002520316;-75.984659;-71.719466;34.424841
92115;Ross 154;Sgr;10.37;2.9698;M3.5Ve;1.51;0.0005465123745199;0.585883;-2.652454;-1.200123
18497;Zaurak;Eri;2.97;62.3441;M1IIIb Ca-1;1.588;219.5836500973188;30.760217;52.235828;-14.56308
56044;Giausar;Dra;3.82;102.145;M0IIIvar;1.613;269.4014941063669;-35.773586;4.486959;95.570558
59592;Megrez;UMa;3.32;24.6853;A3Vvar;0.077;24.9344618809783;-13.402309;-0.903455;20.710384
113008;Fomalhaut;PsA;1.17;7.7036;A3V;0.145;17.587333541355722;6.450517;-1.799476;-3.807757
117951;Axólotl;Cet;8.23;98.4252;G2V;0.639;4.309233228186264;90.980204;-0.040804;-37.551574
3820;Van Maanen's Star;Psc;12.37;4.2626;DG;0.554;0.0001783199772233;4.146957;0.903519;0.400348
51972;;Leo;9.97;100000.0;Bp;-0.179;895364.7655495937;-92363.887503;34111.214344;17473.904576
35453;Wasat;Gem;3.5;18.5391;F0IV...;0.374;11.912420080273744;-5.888392;16.151258;6.939513
82399;Mahsati;Oph;8.38;185.5288;K0;0.9;13.32907464231338;-51.7543;-173.956642;38.490448
118527;Maru;Vol;13.92;23.2558;DQ5;0.05;0.0012740896859191;-4.914249;7.951662;-21.294446
53075;Praecipua;LMi;3.79;29.0867;K0III-IV;1.04;22.4491550756959;-23.041794;6.900625;16.355475
102287;Albali;Aqr;3.78;63.6943;A1V;0.0;108.74267195462436;41.969653;-46.744809;-10.507937
59945;Zaniah;Vir;3.89;81.367;A2IV;0.026;160.25072388814195;-81.054806;-7.05786;-0.946921
37360;;Pup;10.8;100000.0;A2;0.01;416869.3834703355;-39150.185868;82635.632271;-40479.812571
62925;Cor Caroli;CVn;2.89;35.1989;A0spe...;-0.115;75.37025766884257;-26.795114;-6.684223;21.824384
42792;Asellus Australis;Cnc;3.94;40.032;K0III;1.083;37.05100563019239;-25.041776;28.63397;12.473108
106916;Garnet Star;Cep;4.23;100000.0;M2Ia;2.242;177010895.83174184;42908.717258;-29076.600569;85518.379993
14100;Menkar;Cet;2.54;76.3942;M2III;1.63;489.7788193684461;53.342561;54.414384;5.448321
110049;Sadachbia;Aqr;3.86;50.2008;A0V;-0.057;62.7480161997852;45.635919;-20.880207;-1.215412
69935;;Vir;10.64;100000.0;G0;1.028;483058.80203977285;-81198.94339;-57542.8122;9775.293166
2241;Felixvarela;Cet;9.62;35.7015;K5V;1.128;0.1574707877289846;34.013301;4.262471;-9.976163
6397;Adhil;And;4.87;65.7462;K0III-IV;1.077;42.42286549229506;43.117698;16.194066;46.916563
32180;;Gem;8.01;100000.0;B9;-0.002;5445026.52842422;-17004.32845;87072.451426;46143.699643
71453;Toliman;Cen;1.35;1.3248;K1V;0.9;0.4409608164506375;-0.495181;-0.413973;-1.156674
15159;Zibal;Eri;4.8;33.6474;A5m;0.232;11.857687481671595;21.831836;25.077889;-5.15902
60457;Tupã;Cru;6.99;38.0807;F8/G0V;0.537;2.021156766960753;-16.574938;-1.871712;-34.233139
9618;Almach;And;2.1;120.4819;B8V;1.37;1828.1002161427427;76.368059;45.840864;81.131974
6629;Bélénos;Psc;7.12;44.5633;F8;0.577;2.4547089156850297;36.464195;14.218374;21.309341
15539;Intan;For;9.92;46.2107;K3/K4IV;1.037;0.2002626690340901;24.611899;29.516952;-25.659946
40572;Násti;UMa;8.2;54.5256;G0;0.652;1.3589391171008005;-14.7896;21.444841;47.900183
51475;Shaomin;Leo;3.84;100000.0;B1Ib SB;-0.148;253512863.0497907;-91628.219948;36643.48097;16171.724913
79870;Alniyat;Sco;2.9;213.6752;B1III;0.299;2751.693132808793;-80.536239;-175.075401;-92.301792
90065;Fafnir;Dra;4.82;96.5251;K2III;1.179;95.76349769692683;4.51784;-39.674686;87.878659
96858;Fawaris;Cyg;2.86;50.5817;B9.5III;-0.002;159.95580286146696;15.779435;-32.006459;35.8481
13667;Azha;Eri;3.89;41.8585;K1III-IV;1.088;42.42286549229506;29.694338;28.782724;-6.474577
19860;;Eri;9.87;100000.0;K1/K2;1.0;981747.9430199864;37974.399071;78083.709906;-49607.250101
46617;Alterf;Leo;4.32;100.9082;K5IIIvar;1.541;165.95869074375614;-74.131964;56.004334;39.376137
50193;Adhafera;Leo;3.43;84.0336;F0III;0.307;261.09586865859336;-69.409312;33.594777;33.397009
22961;Hassaleh;Aur;2.69;151.2859;K3IIvar;1.49;1673.4009068393125;34.378539;121.884168;82.763748
118720;Wolf 359;Leo;13.45;2.3906;M6;2.0;2.0758692705e-05;-2.282811;0.649334;0.292057
119135;Guniibuu B;Oph;5.07;5.9852;K1 Ve;0.85;0.2924152377843335;-1.036233;-5.250282;-2.680239
60075;Ginan;Cru;3.59;70.4722;K3/K4III;1.389;158.48931924611142;-34.656852;-3.239447;-61.275879
93447;;Sgr;8.66;100000.0;F3IV/V;0.471;2992264.636608183;23569.73948;-80469.140579;-54490.226603
104751;Lacaille 8760;Mic;6.69;3.9462;M1/M2V;1.397;0.0286022369395428;2.330004;-2.003156;-2.476477
106908;Bosona;Aqr;8.34;193.7984;K0;1.009;15.09384896654952;159.050184;-107.872405;-24.988061
80701;;TrA;10.15;100000.0;F0V;0.412;758577.5750291835;-13518.026538;-33342.011996;-93303.661207
37173;Procyon;CMi;0.4;3.5142;F5IV-V;0.432;7.4404636619191935;-1.469312;3.17617;0.320024
95052;Rukbat;Sgr;3.96;55.7414;B8V;-0.105;70.53424142580965;15.143928;-39.50987;-36.286833
105936;Sadalsuud;Aqr;2.9;164.7446;G0Ib;0.828;1635.3096517445822;130.759282;-98.929336;-15.993766
13234;Miram;Per;3.77;269.5418;K3Ib comp SB;1.69;1964.264645879858;111.116108;102.442422;223.184985
11053;;Ari;8.5;100000.0;K0;1.284;3467368.504525324;71973.31226;51647.658254;46393.552561
42283;Minchir;Hya;4.45;114.2857;K2III;1.216;188.7991349096293;-72.861703;87.795627;6.661268
3814;Achird;Cas;3.46;5.9531;G0V SB;0.587;1.2752637064597296;3.098462;0.674227;5.038376
91484;Struve 2398 A;Dra;8.94;3.5691;K5;1.504;0.0029457779023394;0.334856;-1.773105;3.079349
17055;Tupi;Ret;7.12;33.8868;F8/G0V;0.583;1.4190575216890922;11.740637;16.723573;-27.033217
90217;Kaus Borealis;Sgr;2.82;23.9693;K1IIIb;1.025;37.25632384666037;2.635486;-21.487046;-10.289309
87561;Eltanin;Dra;2.24;47.3037;K5III;1.521;247.5141318074314;-0.436154;-29.451035;37.014357
2080;;Cas;7.8;100000.0;F5IIvar;0.635;6606934.480075951;62138.848687;7168.862913;78021.605051
65409;;CVn;8.24;100000.0;G8III;0.96;4405548.635065534;-81308.499325;-32513.142283;48288.959022
4412;Castula;Cas;4.62;61.2745;G8III-IV;0.957;46.38739667560309;30.437701;7.68286;52.6216
47772;Ras Elased Australis;Leo;2.97;75.643;G0II;0.808;323.2957533680941;-57.700126;38.244772;30.494289
34000;Mekbuda;Gem;4.01;421.9409;G3Ibv SB;0.899;3858.335599053513;-109.067807;379.683873;148.25163
94946;Arkab Prior;Sgr;3.96;96.1538;B9V;-0.085;209.89398836235245;24.213622;-64.216561;-67.345884
9467;Alrescha;Psc;3.82;46.1681;A2;0.024;55.05540984847944;39.728779;23.413015;2.226137
1065;Algenib;Peg;2.83;120.048;B2IV;-0.19;926.4031007363994;115.664183;6.687324;31.442127
30049;Furud;CMa;3.02;111.1111;B2.5V;-0.16;666.1929002234552;-8.512138;95.786306;-55.662081
17447;Celaeno;Tau;5.45;115.6069;B7IV;-0.034;76.91304402866098;58.617318;87.564472;47.554545
57226;Taiyangshou;UMa;3.69;56.3063;K0III;1.181;92.29963848404536;-37.766969;2.301619;41.698309
80637;Marfik;Oph;3.82;53.0786;A2V;0.022;72.77798045368239;-20.104527;-49.089266;1.837527
106642;Nashira;Cap;3.69;48.1464;A7III:mp...;0.32;67.4838730870757;37.793496;-26.44095;-13.804954
8777;Mothallah;Tri;3.42;19.4175;F6IV;0.488;14.073431383183484;14.872602;7.99818;9.584806
45385;;Car;8.99;100000.0;B5V;-0.02;2208004.733018901;-29393.710095;25422.427783;-92139.622164
86353;Dziban B;Dra;5.81;23.0627;G0V;0.53;2.197859872784824;-0.555414;-7.044781;21.953273
98991;;Cyg;7.81;100000.0;O8;0.197;6546361.740672748;43458.378199;-68560.859962;58401.864664
94350;Gumala;Sgr;6.25;27.5482;F8V;0.548;2.089296130854039;8.135614;-23.777829;-11.28349
97755;Terebellum;Sgr;4.7;25.9875;G3/G5III;0.748;7.755324957585906;11.280499;-20.384256;-11.514028
84121;Sarin;Her;3.12;23.0362;A3IVv SB;0.08;26.109586865859324;-4.075476;-20.503689;9.676738
55011;Hunahpú;Crt;8.05;134.2282;K0III/IV;0.962;9.45366045957965;-120.572962;22.459787;-54.542905
8183;Torcular;Psc;4.26;85.6898;K0III;0.942;126.4736347471151;75.808974;37.546943;13.637807
12928;Koeia;Eri;10.25;23.015;M0;1.389;0.0366437574647833;15.812912;14.078244;-9.024692
13254;Angetenar;Eri;4.76;57.3066;K0III;0.906;35.67795882885623;39.279245;36.32166;-20.540573
55055;Alula Borealis;UMa;3.49;122.399;K3III SB;1.4;524.3243172456372;-100.864256;18.476143;66.832099
29198;Hoerikwaggo;Men;5.08;10.1978;G5V;0.714;0.8417827076608124;-0.119802;2.679222;-9.839152
13959;Ayeyarwady;Eri;7.81;135.318;G8/K0IV;0.936;11.989470404794204;89.377224;89.515869;-48.058112
81942;;Sco;7.41;100000.0;B5II/III;0.003;9462371.61365791;-21818.299829;-66660.247422;-71276.736782
29582;Propus;Gem;3.31;117.9245;M3III;1.6;574.3809134963176;-7.067151;108.713368;45.140745
107742;Aldhanab;Gru;3.0;64.7249;B8III;-0.084;230.14418174085063;43.853581;-26.892269;-39.28078
63405;Vindemiatrix;Vir;2.85;33.6022;G8IIIvar;0.934;71.25248247522671;-31.782664;-8.840495;6.38806
31601;Alhena;Gem;1.93;33.5121;A0IV;0.001;165.34840121711517;-5.266162;31.714389;9.461403
111768;Tiaki;Gru;2.07;54.2594;M5III;1.61;380.8903764981352;34.993484;-12.277259;-39.608199
72910;Baekdu;UMi;6.83;160.0;K0;0.985;41.34281080471344;-29.878814;-29.05737;154.476295
35556;;Cam;9.82;100000.0;;1.2;1028016.2981264746;-11237.277857;30294.773725;94635.882578
89860;Tusizuo;Her;3.85;36.4697;K2III;1.168;33.419504002611426;3.495833;-33.687362;13.525603
74556;Zubeneschamali;Lib;2.61;56.7537;B8V;-0.071;253.51286304979072;-36.549398;-42.420251;-9.252607
85560;Yildun;UMi;4.35;52.7704;A1Vn;0.021;44.136714346343965;-0.379972;-3.119005;52.676703
80571;Kornephoros;Her;2.78;42.6621;G8III;0.947;122.4616199265049;-15.155861;-36.689058;15.62843
92654;Alya;Ser;4.62;47.4158;A5V;0.161;27.797132677592884;11.483943;-45.872196;3.475585
64037;Diadem;Com;4.32;17.8253;F5V;0.455;5.176068319505676;-16.211012;-5.110375;5.368871
53565;Chalawan;UMa;5.03;14.0627;G0V;0.624;1.6749428760264369;-10.333319;2.794615;9.120037
30251;Mirzam;CMa;1.98;151.0574;B1II/III;-0.24;3209.223768048436;-14.209731;142.995999;-46.568852
40921;Avior;Car;1.86;185.5288;K3III+B2V;1.196;5405.053537086696;-54.83708;76.515238;-159.872623
676;Alpheratz;And;2.07;29.7442;B9p;-0.038;114.49855346901884;25.974572;0.951042;14.461264
61878;;Cen;10.13;100000.0;K;0.75;772680.5850957021;-56998.495597;-10895.342999;-81439.934926
86839;Bake-eo;Oph;3.75;31.5159;A0V;0.043;27.365286541924664;-1.662293;-31.436744;1.488597
73467;Quadrans;Boo;4.83;12.5078;G2V + G2V;0.647;1.593675881028766;-5.858189;-6.055134;9.244209
46339;Intercrus;UMa;5.4;85.8369;K0III-IV;0.993;44.38129803081385;-47.431774;36.836132;61.329924
3172;Schedar;Cas;2.24;69.979;K0II-IIIvar;1.17;542.0008904016238;37.984817;6.784483;58.379619
109081;Biham;Peg;3.52;28.2965;A2V;0.086;27.264654585290064;24.963846;-12.967714;3.054948
108573;Kurhah;Cep;4.26;29.5946;Am;0.379;15.079953418017894;11.085515;-6.15803;26.739992
26569;Phact;Col;2.65;80.1282;B7IV;-0.12;487.0796664925367;5.885917;66.110037;-44.89318
111676;Homam;Peg;3.41;62.6566;B8.5V;-0.086;147.91083881682073;57.962157;-20.678728;11.774377
21057;Hoggar;Tau;8.38;226.7574;K0;1.008;19.91590289057612;85.200384;209.362436;18.088209
89726;Alasia;Ser;7.95;42.735;G5;0.713;1.0509934271862162;3.976682;-41.623556;-8.82869
113521;Scheat;Peg;2.44;60.0962;M2II-IIIvar;1.655;332.35330357747745;51.433435;-12.877612;28.290136
78581;Acrab B;Sco;4.9;122.1001;B2V;-0.024;142.42951649732905;-55.06152;-100.825111;-41.363651
26569;Phact;Col;2.65;80.1282;B7IV;-0.12;487.0796664925367;5.885917;66.110037;-44.89318
36107;Luyten's Star;CMi;9.84;3.8026;M5;1.573;0.0014588142602753;-1.409549;3.514856;0.346358
92564;Nunki;Sgr;2.05;69.8324;B2.5V;-0.134;642.6877173170194;14.950858;-60.794062;-30.937099
30270;Tejat;Gem;2.87;71.0227;M3IIIvar;1.621;312.4640085806112;-6.562116;65.281443;27.194957
93819;Meridiana;CrA;4.11;38.432;A0/A1V;0.042;29.187708481971423;9.052029;-28.941534;-23.610478
57584;Zavijava;Vir;3.59;10.929;F8V;0.518;3.8124135110429895;-10.914853;0.443379;0.336562
2914;Fulu;Cas;3.69;181.8182;B2IV;-0.196;962.0552191862148;105.743565;17.207892;146.901502
82294;Pipirima;Sco;3.56;145.3488;B2IV;-0.21;693.1065451499361;-33.31875;-109.554458;-89.520712
76118;Karaka;Aps;8.71;39.2311;K0/K1V;0.891;0.4397440784473685;-3.930997;-5.39398;-38.659171
42437;Meleph;Cnc;6.29;179.8561;Am;0.17;85.90135215053961;-109.202884;129.624965;60.169858
43079;;Cnc;10.44;100000.0;;0.572;580764.4175213124;-63398.213472;70392.918777;32023.483799
57828;Phecda;UMa;2.41;25.5037;A0V SB;0.044;61.54602373713163;-15.094867;0.406425;20.552678
62092;;Cru;7.89;100000.0;F0II;0.499;6081350.012787188;-51208.080296;-10389.466507;-85263.0723
44000;Talitha;UMa;3.12;14.5096;A7IV;0.223;10.35618977044986;-6.835882;6.883318;10.789878
72261;Merga;Boo;5.76;48.9956;F7IVw;0.482;10.384844550082734;-25.109461;-22.870123;35.313409
3685;Shimu;And;4.08;58.0046;K1II;1.1;68.35967668381046;51.755023;10.844894;23.839349
112928;Tengshe;Lac;4.99;490.1961;K5Ibvar;1.778;2112.5159662408514;304.725766;-86.755537;374.042528
28309;Mahasim;Aur;2.65;50.7614;A0p Si;-0.083;195.52396696208865;0.049188;40.426416;30.69934
108728;Sadalmelik;Aqr;2.95;160.5136;G2Ib;0.969;1483.200967181874;140.987693;-76.722268;-0.896054
48571;Bibhā;Sex;8.73;95.3289;F8;0.664;2.54917705050912;-81.553447;48.954496;-6.331799
28288;Menkalinan;Aur;1.9;24.8694;A2V;0.077;93.58365435835302;0.036195;17.601288;17.569058
25865;Mintaka;Ori;2.25;212.3142;O9.5II;-0.175;4943.106869868354;25.868117;210.729667;-1.108306
117515;Uúba;Scl;9.79;77.101;G8;0.815;0.6280583588133175;61.046878;-1.419958;-47.072569
118589;Ross 686;Hya;12.68;24.5278;dM4;1.47;0.0044381298030813;-17.333104;17.206472;2.240759
99574;Chechia;Aql;6.44;65.6168;G5;0.867;9.954054173515267;36.598915;-54.209052;5.240473
85769;Rasalhague;Oph;2.08;14.8965;A5III;0.155;28.444611074479155;-1.587067;-14.453242;3.239454
99156;Antinous;Aql;3.24;87.7963;B9.5III;-0.066;339.46890538007864;47.588681;-73.769106;-1.258706
49496;Yunü;Leo;4.39;90.5797;K4III;1.448;125.31411749414156;-78.745563;41.911852;15.725184
84529;Inquill;Ara;6.67;54.7945;G1Vw...;0.614;5.618236281342277;-6.321012;-35.717587;-41.069892
73010;;Dra;8.65;100000.0;M0;1.558;3019951.720402019;-31417.21867;-30894.695218;89769.015693
57197;Flegetonte;Vir;8.07;29.6384;K0;0.835;0.4524806378555481;-29.544905;1.845236;1.458929
88141;Pincoya;Sgr;9.62;41.0678;K2;1.396;0.2085451047693168;0.490331;-36.066992;-19.63405
80519;Antares;Sco;1.06;169.7793;M1Ib + B2.5V;1.865;9453.660459579653;-58.542602;-140.307591;-75.574766
7736;p Eridani;Eri;5.76;7.8223;K0V;0.88;0.2647280740017561;3.945945;1.835674;-6.500103
94967;Sika;Sgr;7.84;58.072;G1V;0.599;2.1478304741305343;17.247552;-45.594321;-31.559182
50655;Tania Australis;UMa;3.06;70.6215;M0III SB;1.603;259.4179362118815;-48.161684;21.865099;46.794651
100020;Dabih;Cap;3.05;100.2004;A5:n;0.79;526.744488331906;55.920163;-79.116953;-25.564218
73327;Nekkar;Boo;3.49;69.0608;G8III;0.956;166.87835113653907;-36.876434;-37.508062;44.750903
101629;Sualocin;Del;3.77;77.821;B9V;-0.057;163.68165214278085;48.015095;-57.406003;21.335542
22396;Tabit;Ori;3.19;8.0684;F6V;0.484;3.003308878676558;2.413721;7.63677;0.977904
74868;Pherkad;UMi;3.0;149.2537;A3II-III;0.058;1224.6161992650489;-29.797327;-35.741213;141.814461
26176;Hatysa;Ori;2.75;714.2857;O9III;-0.21;35285.8025828527;76.014147;706.411475;-73.54604
